,name,population,setting,housing,tuition ($)
0,Brown University,"11,189 (7,639 undergraduate)",City: Midsize,Yes,60696
1,Bryant University,"3,536 (3,204 undergraduate)",Suburb: Large,Yes,46863
2,College Unbound,285 (all undergraduate),City: Midsize,No,10112
3,Johnson & Wales University-Online,"2,505 (1,843 undergraduate)",City: Midsize,No,13365
4,Johnson & Wales University-Providence,"4,566 (4,158 undergraduate)",City: Midsize,Yes,34736
5,New England Institute of Technology,"1,895 (1,720 undergraduate)",Suburb: Large,Yes,31545
6,Providence College,"4,473 (3,996 undergraduate)",City: Midsize,Yes,54388
7,Rhode Island College,"5,787 (4,719 undergraduate)",Suburb: Large,Yes,
8,Rhode Island School of Design,"2,620 (2,108 undergraduate)",City: Midsize,Yes,54890
9,Roger Williams University,"4,397 (4,103 undergraduate)",Suburb: Large,Yes,38274
10,Salve Regina University,"2,872 (2,190 undergraduate)",Suburb: Large,Yes,42920
11,University of Rhode Island,"17,473 (14,768 undergraduate)",Suburb: Large,Yes,
